mult_depth_range,time_encode
23,0.059918767200000014
28,0.0716922206
33,0.08440808400000001
38,0.096437865
43,0.1088861734
